27-10-2016,0000,6.06
27-10-2016,0020,6.11
27-10-2016,0040,6.09
27-10-2016,0100,6
27-10-2016,0120,5.84
27-10-2016,0140,5.61
27-10-2016,0200,5.33
27-10-2016,0220,5.01
27-10-2016,0240,4.66
27-10-2016,0300,4.31
27-10-2016,0320,3.95
27-10-2016,0340,3.6
27-10-2016,0400,3.27
27-10-2016,0420,2.94
27-10-2016,0440,2.62
27-10-2016,0500,2.31
27-10-2016,0520,2.02
27-10-2016,0540,1.76
27-10-2016,0600,1.55
27-10-2016,0620,1.41
27-10-2016,0640,1.35
27-10-2016,0700,1.4
27-10-2016,0720,1.56
27-10-2016,0740,1.81
27-10-2016,0800,2.16
27-10-2016,0820,2.57
27-10-2016,0840,3.03
27-10-2016,0900,3.49
27-10-2016,0920,3.95
27-10-2016,0940,4.37
27-10-2016,1000,4.74
27-10-2016,1020,5.08
27-10-2016,1040,5.37
27-10-2016,1100,5.62
27-10-2016,1120,5.84
27-10-2016,1140,6.02
27-10-2016,1200,6.17
27-10-2016,1220,6.28
27-10-2016,1240,6.33
27-10-2016,1300,6.32
27-10-2016,1320,6.23
27-10-2016,1340,6.06
27-10-2016,1400,5.81
27-10-2016,1420,5.5
27-10-2016,1440,5.14
27-10-2016,1500,4.75
27-10-2016,1520,4.35
27-10-2016,1540,3.94
27-10-2016,1600,3.53
27-10-2016,1620,3.13
27-10-2016,1640,2.74
27-10-2016,1700,2.35
27-10-2016,1720,1.98
27-10-2016,1740,1.62
27-10-2016,1800,1.3
27-10-2016,1820,1.02
27-10-2016,1840,0.82
27-10-2016,1900,0.72
27-10-2016,1920,0.73
27-10-2016,1940,0.87
27-10-2016,2000,1.12
27-10-2016,2020,1.49
27-10-2016,2040,1.94
27-10-2016,2100,2.45
27-10-2016,2120,2.97
27-10-2016,2140,3.5
27-10-2016,2200,3.99
27-10-2016,2220,4.44
27-10-2016,2240,4.84
27-10-2016,2300,5.19
27-10-2016,2320,5.5
27-10-2016,2340,5.77
28-10-2016,0000,6
28-10-2016,0020,6.2
28-10-2016,0040,6.35
28-10-2016,0100,6.43
28-10-2016,0120,6.45
28-10-2016,0140,6.38
28-10-2016,0200,6.24
28-10-2016,0220,6.01
28-10-2016,0240,5.72
28-10-2016,0300,5.37
28-10-2016,0320,5
28-10-2016,0340,4.61
28-10-2016,0400,4.22
28-10-2016,0420,3.85
28-10-2016,0440,3.48
28-10-2016,0500,3.12
28-10-2016,0520,2.78
28-10-2016,0540,2.43
28-10-2016,0600,2.1
28-10-2016,0620,1.8
28-10-2016,0640,1.53
28-10-2016,0700,1.33
28-10-2016,0720,1.22
28-10-2016,0740,1.22
28-10-2016,0800,1.33
28-10-2016,0820,1.57
28-10-2016,0840,1.91
28-10-2016,0900,2.33
28-10-2016,0920,2.8
28-10-2016,0940,3.3
28-10-2016,1000,3.78
28-10-2016,1020,4.23
28-10-2016,1040,4.64
28-10-2016,1100,4.99
28-10-2016,1120,5.3
28-10-2016,1140,5.56
28-10-2016,1200,5.79
28-10-2016,1220,5.99
28-10-2016,1240,6.16
28-10-2016,1300,6.28
28-10-2016,1320,6.35
28-10-2016,1340,6.34
28-10-2016,1400,6.26
28-10-2016,1420,6.1
28-10-2016,1440,5.86
28-10-2016,1500,5.54
28-10-2016,1520,5.17
28-10-2016,1540,4.77
28-10-2016,1600,4.35
28-10-2016,1620,3.93
28-10-2016,1640,3.51
28-10-2016,1700,3.11
28-10-2016,1720,2.71
28-10-2016,1740,2.33
28-10-2016,1800,1.94
28-10-2016,1820,1.57
28-10-2016,1840,1.23
28-10-2016,1900,0.93
28-10-2016,1920,0.71
28-10-2016,1940,0.58
28-10-2016,2000,0.58
28-10-2016,2020,0.7
28-10-2016,2040,0.96
28-10-2016,2100,1.35
28-10-2016,2120,1.82
28-10-2016,2140,2.36
28-10-2016,2200,2.93
28-10-2016,2220,3.5
28-10-2016,2240,4.03
28-10-2016,2300,4.52
28-10-2016,2320,4.95
28-10-2016,2340,5.33
29-10-2016,0000,5.66
29-10-2016,0020,5.94
29-10-2016,0040,6.19
29-10-2016,0100,6.39
29-10-2016,0120,6.54
29-10-2016,0140,6.63
29-10-2016,0200,6.65
29-10-2016,0220,6.58
29-10-2016,0240,6.42
29-10-2016,0300,6.18
29-10-2016,0320,5.87
29-10-2016,0340,5.51
29-10-2016,0400,5.11
29-10-2016,0420,4.7
29-10-2016,0440,4.3
29-10-2016,0500,3.91
29-10-2016,0520,3.54
29-10-2016,0540,3.17
29-10-2016,0600,2.82
29-10-2016,0620,2.47
29-10-2016,0640,2.13
29-10-2016,0700,1.82
29-10-2016,0720,1.54
29-10-2016,0740,1.33
29-10-2016,0800,1.21
29-10-2016,0820,1.2
29-10-2016,0840,1.31
29-10-2016,0900,1.54
29-10-2016,0920,1.88
29-10-2016,0940,2.32
29-10-2016,1000,2.8
29-10-2016,1020,3.31
29-10-2016,1040,3.8
29-10-2016,1100,4.26
29-10-2016,1120,4.67
29-10-2016,1140,5.03
29-10-2016,1200,5.33
29-10-2016,1220,5.59
29-10-2016,1240,5.8
29-10-2016,1300,5.99
29-10-2016,1320,6.14
29-10-2016,1340,6.24
29-10-2016,1400,6.29
29-10-2016,1420,6.27
29-10-2016,1440,6.17
29-10-2016,1500,5.99
29-10-2016,1520,5.73
29-10-2016,1540,5.4
29-10-2016,1600,5.01
29-10-2016,1620,4.6
29-10-2016,1640,4.18
29-10-2016,1700,3.76
29-10-2016,1720,3.35
29-10-2016,1740,2.95
29-10-2016,1800,2.56
29-10-2016,1820,2.19
29-10-2016,1840,1.82
29-10-2016,1900,1.47
29-10-2016,1920,1.14
29-10-2016,1940,0.86
29-10-2016,2000,0.66
29-10-2016,2020,0.56
29-10-2016,2040,0.58
29-10-2016,2100,0.73
29-10-2016,2120,1.02
29-10-2016,2140,1.43
29-10-2016,2200,1.94
29-10-2016,2220,2.51
29-10-2016,2240,3.1
29-10-2016,2300,3.68
29-10-2016,2320,4.23
29-10-2016,2340,4.73
30-10-2016,0000,5.16
30-10-2016,0020,5.54
30-10-2016,0040,5.86
30-10-2016,0100,6.13
30-10-2016,0120,6.36
30-10-2016,0140,6.54
30-10-2016,0200,6.67
30-10-2016,0220,6.73
30-10-2016,0240,6.71
30-10-2016,0300,6.61
30-10-2016,0320,6.42
30-10-2016,0340,6.15
30-10-2016,0400,5.82
30-10-2016,0420,5.44
30-10-2016,0440,5.03
30-10-2016,0500,4.62
30-10-2016,0520,4.22
30-10-2016,0540,3.83
30-10-2016,0600,3.46
30-10-2016,0620,3.1
30-10-2016,0640,2.76
30-10-2016,0700,2.42
30-10-2016,0720,2.1
30-10-2016,0740,1.8
30-10-2016,0800,1.55
30-10-2016,0820,1.36
30-10-2016,0840,1.27
30-10-2016,0900,1.28
30-10-2016,0920,1.42
30-10-2016,0940,1.68
30-10-2016,1000,2.04
30-10-2016,1020,2.49
30-10-2016,1040,2.98
30-10-2016,1100,3.49
30-10-2016,1120,3.98
30-10-2016,1140,4.42
30-10-2016,1200,4.82
30-10-2016,1220,5.16
30-10-2016,1240,5.44
30-10-2016,1300,5.67
30-10-2016,1320,5.86
30-10-2016,1340,6.01
30-10-2016,1400,6.12
30-10-2016,1420,6.18
30-10-2016,1440,6.19
30-10-2016,1500,6.13
30-10-2016,1520,5.98
30-10-2016,1540,5.76
30-10-2016,1600,5.47
30-10-2016,1620,5.12
30-10-2016,1640,4.72
30-10-2016,1700,4.3
30-10-2016,1720,3.88
30-10-2016,1740,3.46
30-10-2016,1800,3.06
30-10-2016,1820,2.68
30-10-2016,1840,2.32
30-10-2016,1900,1.96
30-10-2016,1920,1.62
30-10-2016,1940,1.31
30-10-2016,2000,1.02
30-10-2016,2020,0.8
30-10-2016,2040,0.65
30-10-2016,2100,0.61
30-10-2016,2120,0.69
30-10-2016,2140,0.9
30-10-2016,2200,1.25
30-10-2016,2220,1.7
30-10-2016,2240,2.23
30-10-2016,2300,2.82
30-10-2016,2320,3.42
30-10-2016,2340,4
31-10-2016,0000,4.54
31-10-2016,0020,5.02
31-10-2016,0040,5.43
31-10-2016,0100,5.79
31-10-2016,0120,6.08
31-10-2016,0140,6.32
31-10-2016,0200,6.52
31-10-2016,0220,6.65
31-10-2016,0240,6.73
31-10-2016,0300,6.74
31-10-2016,0320,6.67
31-10-2016,0340,6.52
31-10-2016,0400,6.29
31-10-2016,0420,5.99
31-10-2016,0440,5.63
31-10-2016,0500,5.24
31-10-2016,0520,4.83
31-10-2016,0540,4.42
31-10-2016,0600,4.02
31-10-2016,0620,3.65
31-10-2016,0640,3.29
31-10-2016,0700,2.95
31-10-2016,0720,2.62
31-10-2016,0740,2.31
31-10-2016,0800,2.01
31-10-2016,0820,1.75
31-10-2016,0840,1.54
31-10-2016,0900,1.4
31-10-2016,0920,1.36
31-10-2016,0940,1.43
31-10-2016,1000,1.62
31-10-2016,1020,1.92
31-10-2016,1040,2.31
31-10-2016,1100,2.77
31-10-2016,1120,3.26
31-10-2016,1140,3.76
31-10-2016,1200,4.23
31-10-2016,1220,4.65
31-10-2016,1240,5.02
31-10-2016,1300,5.33
31-10-2016,1320,5.58
31-10-2016,1340,5.78
31-10-2016,1400,5.94
31-10-2016,1420,6.05
31-10-2016,1440,6.11
31-10-2016,1500,6.12
31-10-2016,1520,6.07
31-10-2016,1540,5.95
31-10-2016,1600,5.75
31-10-2016,1620,5.48
31-10-2016,1640,5.15
31-10-2016,1700,4.77
31-10-2016,1720,4.36
31-10-2016,1740,3.93
31-10-2016,1800,3.51
31-10-2016,1820,3.11
31-10-2016,1840,2.73
31-10-2016,1900,2.36
31-10-2016,1920,2.02
31-10-2016,1940,1.69
31-10-2016,2000,1.39
31-10-2016,2020,1.11
31-10-2016,2040,0.89
31-10-2016,2100,0.73
31-10-2016,2120,0.66
31-10-2016,2140,0.7
31-10-2016,2200,0.86
31-10-2016,2220,1.15
31-10-2016,2240,1.56
31-10-2016,2300,2.06
31-10-2016,2320,2.62
31-10-2016,2340,3.21
11-01-2016,0000,3.81
11-01-2016,0020,4.37
11-01-2016,0040,4.88
11-01-2016,0100,5.33
11-01-2016,0120,5.71
11-01-2016,0140,6.03
11-01-2016,0200,6.29
11-01-2016,0220,6.49
11-01-2016,0240,6.64
11-01-2016,0300,6.73
11-01-2016,0320,6.75
11-01-2016,0340,6.7
11-01-2016,0400,6.58
11-01-2016,0420,6.37
11-01-2016,0440,6.1
11-01-2016,0500,5.76
11-01-2016,0520,5.39
11-01-2016,0540,4.98
11-01-2016,0600,4.58
11-01-2016,0620,4.18
11-01-2016,0640,3.8
11-01-2016,0700,3.43
11-01-2016,0720,3.09
11-01-2016,0740,2.77
11-01-2016,0800,2.46
11-01-2016,0820,2.16
11-01-2016,0840,1.9
11-01-2016,0900,1.67
11-01-2016,0920,1.51
11-01-2016,0940,1.44
11-01-2016,1000,1.46
11-01-2016,1020,1.59
11-01-2016,1040,1.84
11-01-2016,1100,2.18
11-01-2016,1120,2.6
11-01-2016,1140,3.08
11-01-2016,1200,3.57
11-01-2016,1220,4.04
11-01-2016,1240,4.49
11-01-2016,1300,4.88
11-01-2016,1320,5.21
11-01-2016,1340,5.49
11-01-2016,1400,5.71
11-01-2016,1420,5.88
11-01-2016,1440,6
11-01-2016,1500,6.08
11-01-2016,1520,6.1
11-01-2016,1540,6.06
11-01-2016,1600,5.95
11-01-2016,1620,5.77
11-01-2016,1640,5.52
11-01-2016,1700,5.2
11-01-2016,1720,4.83
11-01-2016,1740,4.42
11-01-2016,1800,3.99
11-01-2016,1820,3.57
11-01-2016,1840,3.15
11-01-2016,1900,2.76
11-01-2016,1920,2.39
11-01-2016,1940,2.05
11-01-2016,2000,1.72
11-01-2016,2020,1.42
11-01-2016,2040,1.16
11-01-2016,2100,0.93
11-01-2016,2120,0.76
11-01-2016,2140,0.67
11-01-2016,2200,0.69
11-01-2016,2220,0.81
11-01-2016,2240,1.06
11-01-2016,2300,1.43
11-01-2016,2320,1.89
11-01-2016,2340,2.43
11-02-2016,0000,3.01
11-02-2016,0020,3.61
11-02-2016,0040,4.19
11-02-2016,0100,4.72
11-02-2016,0120,5.19
11-02-2016,0140,5.6
11-02-2016,0200,5.94
11-02-2016,0220,6.22
11-02-2016,0240,6.44
11-02-2016,0300,6.61
11-02-2016,0320,6.71
11-02-2016,0340,6.76
11-02-2016,0400,6.73
11-02-2016,0420,6.63
11-02-2016,0440,6.46
11-02-2016,0500,6.21
11-02-2016,0520,5.9
11-02-2016,0540,5.54
11-02-2016,0600,5.15
11-02-2016,0620,4.74
11-02-2016,0640,4.34
11-02-2016,0700,3.95
11-02-2016,0720,3.59
11-02-2016,0740,3.24
11-02-2016,0800,2.91
11-02-2016,0820,2.6
11-02-2016,0840,2.31
11-02-2016,0900,2.03
11-02-2016,0920,1.8
11-02-2016,0940,1.61
11-02-2016,1000,1.49
11-02-2016,1020,1.47
11-02-2016,1040,1.55
11-02-2016,1100,1.74
11-02-2016,1120,2.04
11-02-2016,1140,2.42
11-02-2016,1200,2.86
11-02-2016,1220,3.34
11-02-2016,1240,3.82
11-02-2016,1300,4.28
11-02-2016,1320,4.69
11-02-2016,1340,5.05
11-02-2016,1400,5.35
11-02-2016,1420,5.6
11-02-2016,1440,5.79
11-02-2016,1500,5.93
11-02-2016,1520,6.02
11-02-2016,1540,6.07
11-02-2016,1600,6.05
11-02-2016,1620,5.97
11-02-2016,1640,5.82
11-02-2016,1700,5.59
11-02-2016,1720,5.29
11-02-2016,1740,4.94
11-02-2016,1800,4.54
11-02-2016,1820,4.11
11-02-2016,1840,3.67
11-02-2016,1900,3.25
11-02-2016,1920,2.84
11-02-2016,1940,2.47
11-02-2016,2000,2.11
11-02-2016,2020,1.79
11-02-2016,2040,1.49
11-02-2016,2100,1.22
11-02-2016,2120,0.99
11-02-2016,2140,0.8
11-02-2016,2200,0.69
11-02-2016,2220,0.67
11-02-2016,2240,0.75
11-02-2016,2300,0.95
11-02-2016,2320,1.26
11-02-2016,2340,1.68
11-03-2016,0000,2.19
11-03-2016,0020,2.76
11-03-2016,0040,3.35
11-03-2016,0100,3.94
11-03-2016,0120,4.49
11-03-2016,0140,4.99
11-03-2016,0200,5.42
11-03-2016,0220,5.79
11-03-2016,0240,6.09
11-03-2016,0300,6.34
11-03-2016,0320,6.52
11-03-2016,0340,6.65
11-03-2016,0400,6.72
11-03-2016,0420,6.73
11-03-2016,0440,6.67
11-03-2016,0500,6.54
11-03-2016,0520,6.33
11-03-2016,0540,6.06
11-03-2016,0600,5.72
11-03-2016,0620,5.35
11-03-2016,0640,4.96
11-03-2016,0700,4.55
11-03-2016,0720,4.16
11-03-2016,0740,3.79
11-03-2016,0800,3.44
11-03-2016,0820,3.11
11-03-2016,0840,2.8
11-03-2016,0900,2.5
11-03-2016,0920,2.22
11-03-2016,0940,1.97
11-03-2016,1000,1.75
11-03-2016,1020,1.59
11-03-2016,1040,1.51
11-03-2016,1100,1.52
11-03-2016,1120,1.64
11-03-2016,1140,1.87
11-03-2016,1200,2.19
11-03-2016,1220,2.59
11-03-2016,1240,3.04
11-03-2016,1300,3.51
11-03-2016,1320,3.98
11-03-2016,1340,4.41
11-03-2016,1400,4.8
11-03-2016,1420,5.13
11-03-2016,1440,5.4
11-03-2016,1500,5.62
11-03-2016,1520,5.78
11-03-2016,1540,5.9
11-03-2016,1600,5.97
11-03-2016,1620,5.99
11-03-2016,1640,5.95
11-03-2016,1700,5.85
11-03-2016,1720,5.67
11-03-2016,1740,5.42
11-03-2016,1800,5.1
11-03-2016,1820,4.72
11-03-2016,1840,4.31
11-03-2016,1900,3.87
11-03-2016,1920,3.44
11-03-2016,1940,3.02
11-03-2016,2000,2.63
11-03-2016,2020,2.27
11-03-2016,2040,1.94
11-03-2016,2100,1.64
11-03-2016,2120,1.37
11-03-2016,2140,1.13
11-03-2016,2200,0.93
11-03-2016,2220,0.78
11-03-2016,2240,0.71
11-03-2016,2300,0.73
11-03-2016,2320,0.86
11-03-2016,2340,1.1
11-04-2016,0000,1.45
11-04-2016,0020,1.9
11-04-2016,0040,2.43
11-04-2016,0100,3
11-04-2016,0120,3.58
11-04-2016,0140,4.15
11-04-2016,0200,4.68
11-04-2016,0220,5.14
11-04-2016,0240,5.54
11-04-2016,0300,5.87
11-04-2016,0320,6.14
11-04-2016,0340,6.34
11-04-2016,0400,6.5
11-04-2016,0420,6.61
11-04-2016,0440,6.66
11-04-2016,0500,6.65
11-04-2016,0520,6.57
11-04-2016,0540,6.42
11-04-2016,0600,6.21
11-04-2016,0620,5.92
11-04-2016,0640,5.59
11-04-2016,0700,5.22
11-04-2016,0720,4.83
11-04-2016,0740,4.45
11-04-2016,0800,4.07
11-04-2016,0820,3.71
11-04-2016,0840,3.38
11-04-2016,0900,3.07
11-04-2016,0920,2.77
11-04-2016,0940,2.49
11-04-2016,1000,2.23
11-04-2016,1020,1.99
11-04-2016,1040,1.79
11-04-2016,1100,1.65
11-04-2016,1120,1.58
11-04-2016,1140,1.61
11-04-2016,1200,1.74
11-04-2016,1220,1.97
11-04-2016,1240,2.29
11-04-2016,1300,2.68
11-04-2016,1320,3.12
11-04-2016,1340,3.58
11-04-2016,1400,4.02
11-04-2016,1420,4.43
11-04-2016,1440,4.79
11-04-2016,1500,5.09
11-04-2016,1520,5.34
11-04-2016,1540,5.53
11-04-2016,1600,5.68
11-04-2016,1620,5.78
11-04-2016,1640,5.84
11-04-2016,1700,5.85
11-04-2016,1720,5.8
11-04-2016,1740,5.68
11-04-2016,1800,5.5
11-04-2016,1820,5.25
11-04-2016,1840,4.93
11-04-2016,1900,4.57
11-04-2016,1920,4.16
11-04-2016,1940,3.74
11-04-2016,2000,3.32
11-04-2016,2020,2.92
11-04-2016,2040,2.55
11-04-2016,2100,2.21
11-04-2016,2120,1.9
11-04-2016,2140,1.63
11-04-2016,2200,1.38
11-04-2016,2220,1.17
11-04-2016,2240,1
11-04-2016,2300,0.89
11-04-2016,2320,0.84
11-04-2016,2340,0.88
11-05-2016,0000,1.02
11-05-2016,0020,1.27
11-05-2016,0040,1.62
11-05-2016,0100,2.06
11-05-2016,0120,2.57
11-05-2016,0140,3.12
11-05-2016,0200,3.68
11-05-2016,0220,4.22
11-05-2016,0240,4.71
11-05-2016,0300,5.15
11-05-2016,0320,5.52
11-05-2016,0340,5.82
11-05-2016,0400,6.06
11-05-2016,0420,6.25
11-05-2016,0440,6.38
11-05-2016,0500,6.47
11-05-2016,0520,6.51
11-05-2016,0540,6.5
11-05-2016,0600,6.42
11-05-2016,0620,6.29
11-05-2016,0640,6.08
11-05-2016,0700,5.82
11-05-2016,0720,5.51
11-05-2016,0740,5.16
11-05-2016,0800,4.79
11-05-2016,0820,4.42
11-05-2016,0840,4.07
11-05-2016,0900,3.73
11-05-2016,0920,3.42
11-05-2016,0940,3.12
11-05-2016,1000,2.84
11-05-2016,1020,2.58
11-05-2016,1040,2.33
11-05-2016,1100,2.11
11-05-2016,1120,1.92
11-05-2016,1140,1.78
11-05-2016,1200,1.71
11-05-2016,1220,1.73
11-05-2016,1240,1.84
11-05-2016,1300,2.04
11-05-2016,1320,2.33
11-05-2016,1340,2.69
11-05-2016,1400,3.09
11-05-2016,1420,3.51
11-05-2016,1440,3.93
11-05-2016,1500,4.31
11-05-2016,1520,4.65
11-05-2016,1540,4.94
11-05-2016,1600,5.17
11-05-2016,1620,5.35
11-05-2016,1640,5.49
11-05-2016,1700,5.58
11-05-2016,1720,5.63
11-05-2016,1740,5.64
11-05-2016,1800,5.6
11-05-2016,1820,5.5
11-05-2016,1840,5.34
11-05-2016,1900,5.11
11-05-2016,1920,4.83
11-05-2016,1940,4.49
11-05-2016,2000,4.12
11-05-2016,2020,3.73
11-05-2016,2040,3.34
11-05-2016,2100,2.96
11-05-2016,2120,2.62
11-05-2016,2140,2.3
11-05-2016,2200,2.02
11-05-2016,2220,1.77
11-05-2016,2240,1.55
11-05-2016,2300,1.36
11-05-2016,2320,1.22
11-05-2016,2340,1.12
11-06-2016,0000,1.08
11-06-2016,0020,1.11
11-06-2016,0040,1.23
11-06-2016,0100,1.45
11-06-2016,0120,1.76
11-06-2016,0140,2.15
11-06-2016,0200,2.61
11-06-2016,0220,3.11
11-06-2016,0240,3.63
11-06-2016,0300,4.12
11-06-2016,0320,4.59
11-06-2016,0340,5
11-06-2016,0400,5.35
11-06-2016,0420,5.64
11-06-2016,0440,5.87
11-06-2016,0500,6.05
11-06-2016,0520,6.18
11-06-2016,0540,6.27
11-06-2016,0600,6.32
11-06-2016,0620,6.31
11-06-2016,0640,6.26
11-06-2016,0700,6.15
11-06-2016,0720,5.98
11-06-2016,0740,5.75
11-06-2016,0800,5.48
11-06-2016,0820,5.17
11-06-2016,0840,4.84
11-06-2016,0900,4.5
11-06-2016,0920,4.17
11-06-2016,0940,3.85
11-06-2016,1000,3.55
11-06-2016,1020,3.27
11-06-2016,1040,3
11-06-2016,1100,2.76
11-06-2016,1120,2.52
11-06-2016,1140,2.31
11-06-2016,1200,2.12
11-06-2016,1220,1.97
11-06-2016,1240,1.88
11-06-2016,1300,1.86
11-06-2016,1320,1.93
11-06-2016,1340,2.7
11-06-2016,1400,2.3
11-06-2016,1420,2.6
11-06-2016,1440,2.95
11-06-2016,1500,3.32
11-06-2016,1520,3.69
11-06-2016,1540,4.05
11-06-2016,1600,4.38
11-06-2016,1620,4.66
11-06-2016,1640,4.89
11-06-2016,1700,5.08
11-06-2016,1720,5.22
11-06-2016,1740,5.33
11-06-2016,1800,5.39
11-06-2016,1820,5.42
11-06-2016,1840,5.4
11-06-2016,1900,5.34
11-06-2016,1920,5.22
11-06-2016,1940,5.04
11-06-2016,2000,4.81
11-06-2016,2020,4.53
11-06-2016,2040,4.21
11-06-2016,2100,3.87
11-06-2016,2120,3.52
11-06-2016,2140,3.18
11-06-2016,2200,2.86
11-06-2016,2220,2.57
11-06-2016,2240,2.3
11-06-2016,2300,2.07
11-06-2016,2320,1.87
11-06-2016,2340,1.69
11-07-2016,0000,1.55
11-07-2016,0020,1.44
11-07-2016,0040,1.38
11-07-2016,0100,1.38
11-07-2016,0120,1.46
11-07-2016,0140,1.61
11-07-2016,0200,1.85
11-07-2016,0220,2.16
11-07-2016,0240,2.54
11-07-2016,0300,2.96
11-07-2016,0320,3.41
11-07-2016,0340,3.87
11-07-2016,0400,4.3
11-07-2016,0420,4.69
11-07-2016,0440,5.04
11-07-2016,0500,5.34
11-07-2016,0520,5.58
11-07-2016,0540,5.77
11-07-2016,0600,5.92
11-07-2016,0620,6.03
11-07-2016,0640,6.1
11-07-2016,0700,6.12
11-07-2016,0720,6.11
11-07-2016,0740,6.04
11-07-2016,0800,5.91
11-07-2016,0820,5.74
11-07-2016,0840,5.52
11-07-2016,0900,5.26
11-07-2016,0920,4.97
11-07-2016,0940,4.67
11-07-2016,1000,4.36
11-07-2016,1020,4.06
11-07-2016,1040,3.78
11-07-2016,1100,3.5
11-07-2016,1120,3.24
11-07-2016,1140,3
11-07-2016,1200,2.76
11-07-2016,1220,2.54
11-07-2016,1240,2.35
11-07-2016,1300,2.18
11-07-2016,1320,2.05
11-07-2016,1340,1.98
11-07-2016,1400,1.98
11-07-2016,1420,2.05
11-07-2016,1440,2.19
11-07-2016,1500,2.41
11-07-2016,1520,2.68
11-07-2016,1540,2.99
11-07-2016,1600,3.32
11-07-2016,1620,3.65
11-07-2016,1640,3.97
11-07-2016,1700,4.26
11-07-2016,1720,4.51
11-07-2016,1740,4.72
11-07-2016,1800,4.9
11-07-2016,1820,5.04
11-07-2016,1840,5.15
11-07-2016,1900,5.21
11-07-2016,1920,5.25
11-07-2016,1940,5.23
11-07-2016,2000,5.17
11-07-2016,2020,5.07
11-07-2016,2040,4.91
11-07-2016,2100,4.7
11-07-2016,2120,4.45
11-07-2016,2140,4.17
11-07-2016,2200,3.88
11-07-2016,2220,3.58
11-07-2016,2240,3.29
11-07-2016,2300,3.01
11-07-2016,2320,2.75
11-07-2016,2340,2.52
11-08-2016,0000,2.31
11-08-2016,0020,2.12
11-08-2016,0040,1.96
11-08-2016,0100,1.82
11-08-2016,0120,1.72
11-08-2016,0140,1.67
11-08-2016,0200,1.67
11-08-2016,0220,1.73
11-08-2016,0240,1.87
11-08-2016,0300,2.08
11-08-2016,0320,2.35
11-08-2016,0340,2.69
11-08-2016,0400,3.06
11-08-2016,0420,3.46
11-08-2016,0440,3.86
11-08-2016,0500,4.24
11-08-2016,0520,4.6
11-08-2016,0540,4.92
11-08-2016,0600,5.2
11-08-2016,0620,5.44
11-08-2016,0640,5.63
11-08-2016,0700,5.78
11-08-2016,0720,5.89
11-08-2016,0740,5.97
11-08-2016,0800,5.99
11-08-2016,0820,5.98
11-08-2016,0840,5.92
11-08-2016,0900,5.8
11-08-2016,0920,5.64
11-08-2016,0940,5.44
11-08-2016,1000,5.2
11-08-2016,1020,4.94
11-08-2016,1040,4.66
11-08-2016,1100,4.37
11-08-2016,1120,4.08
11-08-2016,1140,3.81
11-08-2016,1200,3.54
11-08-2016,1220,3.27
11-08-2016,1240,3.02
11-08-2016,1300,2.78
11-08-2016,1320,2.56
11-08-2016,1340,2.35
11-08-2016,1400,2.17
11-08-2016,1420,2.04
11-08-2016,1440,1.96
11-08-2016,1500,1.94
11-08-2016,1520,1.99
11-08-2016,1540,2.11
11-08-2016,1600,2.3
11-08-2016,1620,2.54
11-08-2016,1640,2.82
11-08-2016,1700,3.12
11-08-2016,1720,3.44
11-08-2016,1740,3.75
11-08-2016,1800,4.04
11-08-2016,1820,4.31
11-08-2016,1840,4.55
11-08-2016,1900,4.76
11-08-2016,1920,4.93
11-08-2016,1940,5.07
11-08-2016,2000,5.17
11-08-2016,2020,5.23
11-08-2016,2040,5.24
11-08-2016,2100,5.21
11-08-2016,2120,5.14
11-08-2016,2140,5.01
11-08-2016,2200,4.85
11-08-2016,2220,4.64
11-08-2016,2240,4.4
11-08-2016,2300,4.14
11-08-2016,2320,3.88
11-08-2016,2340,3.61
11-09-2016,0000,3.34
11-09-2016,0020,3.08
11-09-2016,0040,2.84
11-09-2016,0100,2.61
11-09-2016,0120,2.41
11-09-2016,0140,2.22
11-09-2016,0200,2.06
11-09-2016,0220,1.93
11-09-2016,0240,1.84
11-09-2016,0300,1.81
11-09-2016,0320,1.84
11-09-2016,0340,1.93
11-09-2016,0400,2.09
11-09-2016,0420,2.32
11-09-2016,0440,2.6
11-09-2016,0500,2.93
11-09-2016,0520,3.3
11-09-2016,0540,3.68
11-09-2016,0600,4.06
11-09-2016,0620,4.42
11-09-2016,0640,4.76
11-09-2016,0700,5.06
11-09-2016,0720,5.33
11-09-2016,0740,5.55
11-09-2016,0800,5.73
11-09-2016,0820,5.86
11-09-2016,0840,5.95
11-09-2016,0900,5.99
11-09-2016,0920,5.99
11-09-2016,0940,5.93
11-09-2016,1000,5.83
11-09-2016,1020,5.69
11-09-2016,1040,5.5
11-09-2016,1100,5.28
11-09-2016,1120,5.02
11-09-2016,1140,4.74
11-09-2016,1200,4.45
11-09-2016,1220,4.16
11-09-2016,1240,3.86
11-09-2016,1300,3.56
11-09-2016,1320,3.27
11-09-2016,1340,2.99
11-09-2016,1400,2.72
11-09-2016,1420,2.46
11-09-2016,1440,2.23
11-09-2016,1500,2.03
11-09-2016,1520,1.87
11-09-2016,1540,1.77
11-09-2016,1600,1.72
11-09-2016,1620,1.74
11-09-2016,1640,1.83
11-09-2016,1700,1.99
11-09-2016,1720,2.21
11-09-2016,1740,2.49
11-09-2016,1800,2.81
11-09-2016,1820,3.15
11-09-2016,1840,3.51
11-09-2016,1900,3.86
11-09-2016,1920,4.19
11-09-2016,1940,4.49
11-09-2016,2000,4.76
11-09-2016,2020,4.99
11-09-2016,2040,5.17
11-09-2016,2100,5.32
11-09-2016,2120,5.42
11-09-2016,2140,5.48
11-09-2016,2200,5.49
11-09-2016,2220,5.45
11-09-2016,2240,5.36
11-09-2016,2300,5.23
11-09-2016,2320,5.05
11-09-2016,2340,4.83
11-10-2016,0000,4.58
11-10-2016,0020,4.31
11-10-2016,0040,4.02
11-10-2016,0100,3.72
11-10-2016,0120,3.42
11-10-2016,0140,3.14
11-10-2016,0200,2.86
11-10-2016,0220,2.61
11-10-2016,0240,2.37
11-10-2016,0300,2.17
11-10-2016,0320,1.99
11-10-2016,0340,1.86
11-10-2016,0400,1.78
11-10-2016,0420,1.76
11-10-2016,0440,1.8
11-10-2016,0500,1.91
11-10-2016,0520,2.1
11-10-2016,0540,2.36
11-10-2016,0600,2.68
11-10-2016,0620,3.05
11-10-2016,0640,3.45
11-10-2016,0700,3.87
11-10-2016,0720,4.29
11-10-2016,0740,4.68
11-10-2016,0800,5.03
11-10-2016,0820,5.34
11-10-2016,0840,5.6
11-10-2016,0900,5.81
11-10-2016,0920,5.96
11-10-2016,0940,6.06
11-10-2016,1000,6.11
11-10-2016,1020,6.11
11-10-2016,1040,6.07
11-10-2016,1100,5.98
11-10-2016,1120,5.84
11-10-2016,1140,5.65
11-10-2016,1200,5.42
11-10-2016,1220,5.15
11-10-2016,1240,4.85
11-10-2016,1300,4.52
11-10-2016,1320,4.17
11-10-2016,1340,3.83
11-10-2016,1400,3.48
11-10-2016,1420,3.14
11-10-2016,1440,2.82
11-10-2016,1500,2.51
11-10-2016,1520,2.23
11-10-2016,1540,1.97
11-10-2016,1600,1.74
11-10-2016,1620,1.55
11-10-2016,1640,1.41
11-10-2016,1700,1.33
11-10-2016,1720,1.33
11-10-2016,1740,1.41
11-10-2016,1800,1.57
11-10-2016,1820,1.81
11-10-2016,1840,2.13
11-10-2016,1900,2.51
11-10-2016,1920,2.93
11-10-2016,1940,3.38
11-10-2016,2000,3.82
11-10-2016,2020,4.24
11-10-2016,2040,4.63
11-10-2016,2100,4.96
11-10-2016,2120,5.25
11-10-2016,2140,5.49
11-10-2016,2200,5.67
11-10-2016,2220,5.81
11-10-2016,2240,5.9
11-10-2016,2300,5.93
11-10-2016,2320,5.92
11-10-2016,2340,5.86
11-11-2016,0000,5.74
11-11-2016,0020,5.56
11-11-2016,0040,5.32
11-11-2016,0100,5.04
11-11-2016,0120,4.72
11-11-2016,0140,4.37
11-11-2016,0200,4.01
11-11-2016,0220,3.65
11-11-2016,0240,3.3
11-11-2016,0300,2.97
11-11-2016,0320,2.67
11-11-2016,0340,2.39
11-11-2016,0400,2.14
11-11-2016,0420,1.92
11-11-2016,0440,1.74
11-11-2016,0500,1.61
11-11-2016,0520,1.54
11-11-2016,0540,1.55
11-11-2016,0600,1.63
11-11-2016,0620,1.81
11-11-2016,0640,2.07
11-11-2016,0700,2.42
11-11-2016,0720,2.85
11-11-2016,0740,3.32
11-11-2016,0800,3.81
11-11-2016,0820,4.3
11-11-2016,0840,4.75
11-11-2016,0900,5.16
11-11-2016,0920,5.51
11-11-2016,0940,5.79
11-11-2016,1000,6.01
11-11-2016,1020,6.16
11-11-2016,1040,6.25
11-11-2016,1100,6.3
11-11-2016,1120,6.3
11-11-2016,1140,6.26
11-11-2016,1200,6.16
11-11-2016,1220,6.01
11-11-2016,1240,5.8
11-11-2016,1300,5.54
11-11-2016,1320,5.22
11-11-2016,1340,4.86
11-11-2016,1400,4.47
11-11-2016,1420,4.06
11-11-2016,1440,3.65
11-11-2016,1500,3.25
11-11-2016,1520,2.87
11-11-2016,1540,2.51
11-11-2016,1600,2.18
11-11-2016,1620,1.87
11-11-2016,1640,1.59
11-11-2016,1700,1.34
11-11-2016,1720,1.12
11-11-2016,1740,0.96
11-11-2016,1800,0.86
11-11-2016,1820,0.85
11-11-2016,1840,0.95
11-11-2016,1900,1.15
11-11-2016,1920,1.46
11-11-2016,1940,1.87
11-11-2016,2000,2.36
11-11-2016,2020,2.9
11-11-2016,2040,3.46
11-11-2016,2100,4.01
11-11-2016,2120,4.51
11-11-2016,2140,4.97
11-11-2016,2200,5.36
11-11-2016,2220,5.68
11-11-2016,2240,5.94
11-11-2016,2300,6.14
11-11-2016,2320,6.3
11-11-2016,2340,6.4
11-12-2016,0000,6.45
11-12-2016,0020,6.45
11-12-2016,0040,6.38
11-12-2016,0100,6.24
11-12-2016,0120,6.02
11-12-2016,0140,5.73
11-12-2016,0200,5.39
11-12-2016,0220,4.99
11-12-2016,0240,4.57
11-12-2016,0300,4.14
11-12-2016,0320,3.72
11-12-2016,0340,3.32
11-12-2016,0400,2.95
11-12-2016,0420,2.61
11-12-2016,0440,2.3
11-12-2016,0500,2.02
11-12-2016,0520,1.77
11-12-2016,0540,1.55
11-12-2016,0600,1.38
11-12-2016,0620,1.28
11-12-2016,0640,1.26
11-12-2016,0700,1.34
11-12-2016,0720,1.55
11-12-2016,0740,1.86
11-12-2016,0800,2.29
11-12-2016,0820,2.79
11-12-2016,0840,3.35
11-12-2016,0900,3.93
11-12-2016,0920,4.48
11-12-2016,0940,4.99
11-12-2016,1000,5.42
11-12-2016,1020,5.77
11-12-2016,1040,6.04
11-12-2016,1100,6.24
11-12-2016,1120,6.37
11-12-2016,1140,6.45
11-12-2016,1200,6.49
11-12-2016,1220,6.48
11-12-2016,1240,6.42
11-12-2016,1300,6.3
11-12-2016,1320,6.12
11-12-2016,1340,5.87
11-12-2016,1400,5.54
11-12-2016,1420,5.16
11-12-2016,1440,4.72
11-12-2016,1500,4.26
11-12-2016,1520,3.79
11-12-2016,1540,3.34
11-12-2016,1600,2.91
11-12-2016,1620,2.51
11-12-2016,1640,2.14
11-12-2016,1700,1.79
11-12-2016,1720,1.47
11-12-2016,1740,1.17
11-12-2016,1800,0.89
11-12-2016,1820,0.66
11-12-2016,1840,0.48
11-12-2016,1900,0.4
11-12-2016,1920,0.42
11-12-2016,1940,0.58
11-12-2016,2000,0.87
11-12-2016,2020,1.3
11-12-2016,2040,1.84
11-12-2016,2100,2.46
11-12-2016,2120,3.12
11-12-2016,2140,3.78
11-12-2016,2200,4.4
11-12-2016,2220,4.96
11-12-2016,2240,5.44
11-12-2016,2300,5.84
11-12-2016,2320,6.16
11-12-2016,2340,6.42
13-11-2016,0000,6.62
13-11-2016,0020,6.77
13-11-2016,0040,6.87
13-11-2016,0100,6.91
13-11-2016,0120,6.89
13-11-2016,0140,6.79
13-11-2016,0200,6.59
13-11-2016,0220,6.31
13-11-2016,0240,5.95
13-11-2016,0300,5.53
13-11-2016,0320,5.06
13-11-2016,0340,4.58
13-11-2016,0400,4.11
13-11-2016,0420,3.66
13-11-2016,0440,3.25
13-11-2016,0500,2.87
13-11-2016,0520,2.52
13-11-2016,0540,2.19
13-11-2016,0600,1.88
13-11-2016,0620,1.6
13-11-2016,0640,1.34
13-11-2016,0700,1.15
13-11-2016,0720,1.03
13-11-2016,0740,1.03
13-11-2016,0800,1.15
13-11-2016,0820,1.42
13-11-2016,0840,1.82
13-11-2016,0900,2.34
13-11-2016,0920,2.94
13-11-2016,0940,3.58
13-11-2016,1000,4.22
13-11-2016,1020,4.8
13-11-2016,1040,5.31
13-11-2016,1100,5.72
13-11-2016,1120,6.04
13-11-2016,1140,6.27
13-11-2016,1200,6.43
13-11-2016,1220,6.53
13-11-2016,1240,6.59
13-11-2016,1300,6.61
13-11-2016,1320,6.58
13-11-2016,1340,6.49
13-11-2016,1400,6.34
13-11-2016,1420,6.1
13-11-2016,1440,5.78
13-11-2016,1500,5.38
13-11-2016,1520,4.92
13-11-2016,1540,4.43
13-11-2016,1600,3.92
13-11-2016,1620,3.42
13-11-2016,1640,2.95
13-11-2016,1700,2.52
13-11-2016,1720,2.13
13-11-2016,1740,1.76
13-11-2016,1800,1.42
13-11-2016,1820,1.09
13-11-2016,1840,0.77
13-11-2016,1900,0.48
13-11-2016,1920,0.24
13-11-2016,1940,0.08
13-11-2016,2000,0.04
13-11-2016,2020,0.15
13-11-2016,2040,0.41
13-11-2016,2100,0.83
13-11-2016,2120,1.4
13-11-2016,2140,2.07
13-11-2016,2200,2.8
13-11-2016,2220,3.55
13-11-2016,2240,4.26
13-11-2016,2300,4.9
13-11-2016,2320,5.46
13-11-2016,2340,5.92
14-11-2016,0000,6.28
14-11-2016,0020,6.58
14-11-2016,0040,6.81
14-11-2016,0100,6.99
14-11-2016,0120,7.13
14-11-2016,0140,7.21
14-11-2016,0200,7.23
14-11-2016,0220,7.16
14-11-2016,0240,7
14-11-2016,0300,6.74
14-11-2016,0320,6.38
14-11-2016,0340,5.95
14-11-2016,0400,5.47
14-11-2016,0420,4.96
14-11-2016,0440,4.46
14-11-2016,0500,3.99
14-11-2016,0520,3.55
14-11-2016,0540,3.15
14-11-2016,0600,2.78
14-11-2016,0620,2.43
14-11-2016,0640,2.08
14-11-2016,0700,1.75
14-11-2016,0720,1.43
14-11-2016,0740,1.16
14-11-2016,0800,0.96
14-11-2016,0820,0.87
14-11-2016,0840,0.91
14-11-2016,0900,1.12
14-11-2016,0920,1.48
14-11-2016,0940,1.98
14-11-2016,1000,2.59
14-11-2016,1020,3.26
14-11-2016,1040,3.94
14-11-2016,1100,4.58
14-11-2016,1120,5.14
14-11-2016,1140,5.6
14-11-2016,1200,5.96
14-11-2016,1220,6.22
14-11-2016,1240,6.4
14-11-2016,1300,6.52
14-11-2016,1320,6.6
14-11-2016,1340,6.64
14-11-2016,1400,6.63
14-11-2016,1420,6.57
14-11-2016,1440,6.45
14-11-2016,1500,6.23
14-11-2016,1520,5.93
14-11-2016,1540,5.54
14-11-2016,1600,5.08
14-11-2016,1620,4.56
14-11-2016,1640,4.03
14-11-2016,1700,3.51
14-11-2016,1720,3.02
14-11-2016,1740,2.57
14-11-2016,1800,2.17
14-11-2016,1820,1.79
14-11-2016,1840,1.44
14-11-2016,1900,1.09
14-11-2016,1920,0.75
14-11-2016,1940,0.43
14-11-2016,2000,0.14
14-11-2016,2020,-0.07
14-11-2016,2040,-0.16
14-11-2016,2100,-0.11
14-11-2016,2120,0.11
14-11-2016,2140,0.51
14-11-2016,2200,1.07
14-11-2016,2220,1.76
14-11-2016,2240,2.53
14-11-2016,2300,3.32
14-11-2016,2320,4.09
14-11-2016,2340,4.79
15-11-2016,0000,5.39
15-11-2016,0020,5.89
15-11-2016,0040,6.29
15-11-2016,0100,6.61
15-11-2016,0120,6.86
15-11-2016,0140,7.07
15-11-2016,0200,7.22
15-11-2016,0220,7.33
15-11-2016,0240,7.38
15-11-2016,0300,7.35
15-11-2016,0320,7.22
15-11-2016,0340,7
15-11-2016,0400,6.67
15-11-2016,0420,6.26
15-11-2016,0440,5.78
15-11-2016,0500,5.28
15-11-2016,0520,4.77
15-11-2016,0540,4.29
15-11-2016,0600,3.85
15-11-2016,0620,3.44
15-11-2016,0640,3.06
15-11-2016,0700,2.7
15-11-2016,0720,2.33
15-11-2016,0740,1.97
15-11-2016,0800,1.61
15-11-2016,0820,1.28
15-11-2016,0840,1.02
15-11-2016,0900,0.85
15-11-2016,0920,0.82
15-11-2016,0940,0.95
15-11-2016,1000,1.25
15-11-2016,1020,1.71
15-11-2016,1040,2.3
15-11-2016,1100,2.97
15-11-2016,1120,3.66
15-11-2016,1140,4.32
15-11-2016,1200,4.92
15-11-2016,1220,5.41
15-11-2016,1240,5.8
15-11-2016,1300,6.09
15-11-2016,1320,6.29
15-11-2016,1340,6.43
15-11-2016,1400,6.52
15-11-2016,1420,6.58
15-11-2016,1440,6.59
15-11-2016,1500,6.56
15-11-2016,1520,6.46
15-11-2016,1540,6.28
15-11-2016,1600,6
15-11-2016,1620,5.63
15-11-2016,1640,5.18
15-11-2016,1700,4.68
15-11-2016,1720,4.15
15-11-2016,1740,3.62
15-11-2016,1800,3.13
15-11-2016,1820,2.67
15-11-2016,1840,2.25
15-11-2016,1900,1.87
15-11-2016,1920,1.52
15-11-2016,1940,1.16
15-11-2016,2000,0.82
15-11-2016,2020,0.48
15-11-2016,2040,0.18
15-11-2016,2100,-0.06
15-11-2016,2120,-0.19
15-11-2016,2140,-0.19
15-11-2016,2200,-0.01
15-11-2016,2220,0.35
15-11-2016,2240,0.88
15-11-2016,2300,1.54
15-11-2016,2320,2.31
15-11-2016,2340,3.11
16-11-2016,0000,3.89
16-11-2016,0020,4.62
16-11-2016,0040,5.25
16-11-2016,0100,5.78
16-11-2016,0120,6.2
16-11-2016,0140,6.54
16-11-2016,0200,6.8
16-11-2016,0220,7.02
16-11-2016,0240,7.19
16-11-2016,0300,7.31
16-11-2016,0320,7.38
16-11-2016,0340,7.38
16-11-2016,0400,7.29
16-11-2016,0420,7.11
16-11-2016,0440,6.82
16-11-2016,0500,6.45
16-11-2016,0520,6
16-11-2016,0540,5.53
16-11-2016,0600,5.04
16-11-2016,0620,4.57
16-11-2016,0640,4.12
16-11-2016,0700,3.71
16-11-2016,0720,3.33
16-11-2016,0740,2.96
16-11-2016,0800,2.59
16-11-2016,0820,2.21
16-11-2016,0840,1.83
16-11-2016,0900,1.47
16-11-2016,0920,1.16
16-11-2016,0940,0.94
16-11-2016,1000,0.84
16-11-2016,1020,0.9
16-11-2016,1040,1.13
16-11-2016,1100,1.53
16-11-2016,1120,2.06
16-11-2016,1140,2.69
16-11-2016,1200,3.36
16-11-2016,1220,4.02
16-11-2016,1240,4.63
16-11-2016,1300,5.15
16-11-2016,1320,5.57
16-11-2016,1340,5.88
16-11-2016,1400,6.11
16-11-2016,1420,6.27
16-11-2016,1440,6.39
16-11-2016,1500,6.46
16-11-2016,1520,6.49
16-11-2016,1540,6.48
16-11-2016,1600,6.4
16-11-2016,1620,6.23
16-11-2016,1640,6.01
16-11-2016,1700,5.67
16-11-2016,1720,5.26
16-11-2016,1740,4.78
16-11-2016,1800,4.27
16-11-2016,1820,3.75
16-11-2016,1840,3.26
16-11-2016,1900,2.8
16-11-2016,1920,2.38
16-11-2016,1940,2
16-11-2016,2000,1.64
16-11-2016,2020,1.3
16-11-2016,2040,0.96
16-11-2016,2100,0.63
16-11-2016,2120,0.33
16-11-2016,2140,0.08
16-11-2016,2200,-0.07
16-11-2016,2220,-0.1
16-11-2016,2240,0.03
16-11-2016,2300,0.34
16-11-2016,2320,0.81
16-11-2016,2340,1.42
17-11-2016,0000,2.14
17-11-2016,0020,2.91
17-11-2016,0040,3.68
17-11-2016,0100,4.4
17-11-2016,0120,5.04
17-11-2016,0140,5.58
17-11-2016,0200,6.02
17-11-2016,0220,6.38
17-11-2016,0240,6.65
17-11-2016,0300,6.88
17-11-2016,0320,7.05
17-11-2016,0340,7.19
17-11-2016,0400,7.27
17-11-2016,0420,7.3
17-11-2016,0440,7.24
17-11-2016,0500,7.1
17-11-2016,0520,6.86
17-11-2016,0540,6.54
17-11-2016,0600,6.14
17-11-2016,0620,5.7
17-11-2016,0640,5.25
17-11-2016,0700,4.79
17-11-2016,0720,4.36
17-11-2016,0740,3.95
17-11-2016,0800,3.56
17-11-2016,0820,3.18
17-11-2016,0840,2.81
17-11-2016,0900,2.43
17-11-2016,0920,2.05
17-11-2016,0940,1.67
17-11-2016,1000,1.34
17-11-2016,1020,1.09
17-11-2016,1040,0.94
17-11-2016,1100,0.94
17-11-2016,1120,1.1
17-11-2016,1140,1.42
17-11-2016,1200,1.87
17-11-2016,1220,2.44
17-11-2016,1240,3.06
17-11-2016,1300,3.69
17-11-2016,1320,4.29
17-11-2016,1340,4.82
17-11-2016,1400,5.26
17-11-2016,1420,5.61
17-11-2016,1440,5.87
17-11-2016,1500,6.06
17-11-2016,1520,6.2
17-11-2016,1540,6.29
17-11-2016,1600,6.34
17-11-2016,1620,6.35
17-11-2016,1640,6.29
17-11-2016,1700,6.17
17-11-2016,1720,5.96
17-11-2016,1740,5.67
17-11-2016,1800,5.3
17-11-2016,1820,4.87
17-11-2016,1840,4.39
17-11-2016,1900,3.9
17-11-2016,1920,3.42
17-11-2016,1940,2.97
17-11-2016,2000,2.55
17-11-2016,2020,2.17
17-11-2016,2040,1.82
17-11-2016,2100,1.48
17-11-2016,2120,1.16
17-11-2016,2140,0.85
17-11-2016,2200,0.56
17-11-2016,2220,0.33
17-11-2016,2240,0.17
17-11-2016,2300,0.12
17-11-2016,2320,0.21
17-11-2016,2340,0.46
18-11-2016,0000,0.86
18-11-2016,0020,1.39
18-11-2016,0040,2.03
18-11-2016,0100,2.74
18-11-2016,0120,3.46
18-11-2016,0140,4.15
18-11-2016,0200,4.78
18-11-2016,0220,5.32
18-11-2016,0240,5.78
18-11-2016,0300,6.14
18-11-2016,0320,6.44
18-11-2016,0340,6.67
18-11-2016,0400,6.85
18-11-2016,0420,7
18-11-2016,0440,7.09
18-11-2016,0500,7.14
18-11-2016,0520,7.11
18-11-2016,0540,7.01
18-11-2016,0600,6.82
18-11-2016,0620,6.55
18-11-2016,0640,6.21
18-11-2016,0700,5.82
18-11-2016,0720,5.4
18-11-2016,0740,4.97
18-11-2016,0800,4.55
18-11-2016,0820,4.14
18-11-2016,0840,3.75
18-11-2016,0900,3.37
18-11-2016,0920,3
18-11-2016,0940,2.62
18-11-2016,1000,2.24
18-11-2016,1020,1.88
18-11-2016,1040,1.54
18-11-2016,1100,1.27
18-11-2016,1120,1.1
18-11-2016,1140,1.04
18-11-2016,1200,1.13
18-11-2016,1220,1.36
18-11-2016,1240,1.72
18-11-2016,1300,2.2
18-11-2016,1320,2.75
18-11-2016,1340,3.33
18-11-2016,1400,3.9
18-11-2016,1420,4.43
18-11-2016,1440,4.89
18-11-2016,1500,5.27
18-11-2016,1520,5.56
18-11-2016,1540,5.79
18-11-2016,1600,5.96
18-11-2016,1620,6.08
18-11-2016,1640,6.15
18-11-2016,1700,6.17
18-11-2016,1720,6.15
18-11-2016,1740,6.05
18-11-2016,1800,5.89
18-11-2016,1820,5.65
18-11-2016,1840,5.33
18-11-2016,1900,4.95
18-11-2016,1920,4.52
18-11-2016,1940,4.07
18-11-2016,2000,3.62
18-11-2016,2020,3.19
18-11-2016,2040,2.78
18-11-2016,2100,2.4
18-11-2016,2120,2.06
18-11-2016,2140,1.74
18-11-2016,2200,1.43
18-11-2016,2220,1.15
18-11-2016,2240,0.89
18-11-2016,2300,0.67
18-11-2016,2320,0.52
18-11-2016,2340,0.46
19-11-2016,0000,0.51
19-11-2016,0020,0.69
19-11-2016,0040,1
19-11-2016,0100,1.44
19-11-2016,0120,1.98
19-11-2016,0140,2.59
19-11-2016,0200,3.25
19-11-2016,0220,3.87
19-11-2016,0240,4.46
19-11-2016,0300,5
19-11-2016,0320,5.46
19-11-2016,0340,5.84
19-11-2016,0400,6.15
19-11-2016,0420,6.4
19-11-2016,0440,6.6
19-11-2016,0500,6.75
19-11-2016,0520,6.86
19-11-2016,0540,6.92
19-11-2016,0600,6.92
19-11-2016,0620,6.85
19-11-2016,0640,6.72
19-11-2016,0700,6.5
19-11-2016,0720,6.22
19-11-2016,0740,5.89
19-11-2016,0800,5.51
19-11-2016,0820,5.11
19-11-2016,0840,4.71
19-11-2016,0900,4.31
19-11-2016,0920,3.92
19-11-2016,0940,3.54
19-11-2016,1000,3.17
19-11-2016,1020,2.8
19-11-2016,1040,2.43
19-11-2016,1100,2.08
19-11-2016,1120,1.76
19-11-2016,1140,1.48
19-11-2016,1200,1.28
19-11-2016,1220,1.18
19-11-2016,1240,1.2
19-11-2016,1300,1.34
19-11-2016,1320,1.61
19-11-2016,1340,1.98
19-11-2016,1400,2.44
19-11-2016,1420,2.95
19-11-2016,1440,3.47
19-11-2016,1500,3.97
19-11-2016,1520,4.43
19-11-2016,1540,4.83
19-11-2016,1600,5.17
19-11-2016,1620,5.44
19-11-2016,1640,5.64
19-11-2016,1700,5.8
19-11-2016,1720,5.9
19-11-2016,1740,5.95
19-11-2016,1800,5.96
19-11-2016,1820,5.9
19-11-2016,1840,5.78
19-11-2016,1900,5.6
19-11-2016,1920,5.35
19-11-2016,1940,5.03
19-11-2016,2000,4.67
19-11-2016,2020,4.28
19-11-2016,2040,3.88
19-11-2016,2100,3.48
19-11-2016,2120,3.09
19-11-2016,2140,2.73
19-11-2016,2200,2.4
19-11-2016,2220,2.09
19-11-2016,2240,1.81
19-11-2016,2300,1.55
19-11-2016,2320,1.31
19-11-2016,2340,1.11
20-11-2016,0000,0.96
20-11-2016,0020,0.89
20-11-2016,0040,0.89
20-11-2016,0100,1
20-11-2016,0120,1.22
20-11-2016,0140,1.54
20-11-2016,0200,1.96
20-11-2016,0220,2.45
20-11-2016,0240,2.99
20-11-2016,0300,3.55
20-11-2016,0320,4.09
20-11-2016,0340,4.6
20-11-2016,0400,5.05
20-11-2016,0420,5.45
20-11-2016,0440,5.78
20-11-2016,0500,6.05
20-11-2016,0520,6.27
20-11-2016,0540,6.44
20-11-2016,0600,6.57
20-11-2016,0620,6.65
20-11-2016,0640,6.68
20-11-2016,0700,6.65
20-11-2016,0720,6.56
20-11-2016,0740,6.4
20-11-2016,0800,6.19
20-11-2016,0820,5.91
20-11-2016,0840,5.59
20-11-2016,0900,5.24
20-11-2016,0920,4.87
20-11-2016,0940,4.49
20-11-2016,1000,4.11
20-11-2016,1020,3.73
20-11-2016,1040,3.37
20-11-2016,1100,3.01
20-11-2016,1120,2.65
20-11-2016,1140,2.31
20-11-2016,1200,2
20-11-2016,1220,1.72
20-11-2016,1240,1.5
20-11-2016,1300,1.36
20-11-2016,1320,1.31
20-11-2016,1340,1.36
20-11-2016,1400,1.52
20-11-2016,1420,1.78
20-11-2016,1440,2.13
20-11-2016,1500,2.54
20-11-2016,1520,2.99
20-11-2016,1540,3.45
20-11-2016,1600,3.89
20-11-2016,1620,4.3
20-11-2016,1640,4.67
20-11-2016,1700,4.98
20-11-2016,1720,5.23
20-11-2016,1740,5.43
20-11-2016,1800,5.57
20-11-2016,1820,5.67
20-11-2016,1840,5.72
20-11-2016,1900,5.71
20-11-2016,1920,5.65
20-11-2016,1940,5.54
20-11-2016,2000,5.36
20-11-2016,2020,5.13
20-11-2016,2040,4.86
20-11-2016,2100,4.54
20-11-2016,2120,4.2
20-11-2016,2140,3.86
20-11-2016,2200,3.51
20-11-2016,2220,3.18
20-11-2016,2240,2.87
20-11-2016,2300,2.57
20-11-2016,2320,2.3
20-11-2016,2340,2.05
21-11-2016,0000,1.83
21-11-2016,0020,1.64
21-11-2016,0040,1.48
21-11-2016,0100,1.38
21-11-2016,0120,1.33
21-11-2016,0140,1.36
21-11-2016,0200,1.48
21-11-2016,0220,1.68
21-11-2016,0240,1.97
21-11-2016,0300,2.33
21-11-2016,0320,2.75
21-11-2016,0340,3.2
21-11-2016,0400,3.67
21-11-2016,0420,4.13
21-11-2016,0440,4.56
21-11-2016,0500,4.96
21-11-2016,0520,5.31
21-11-2016,0540,5.6
21-11-2016,0600,5.85
21-11-2016,0620,6.06
21-11-2016,0640,6.21
21-11-2016,0700,6.32
21-11-2016,0720,6.39
21-11-2016,0740,6.4
21-11-2016,0800,6.36
21-11-2016,0820,6.27
21-11-2016,0840,6.12
21-11-2016,0900,5.92
21-11-2016,0920,5.66
21-11-2016,0940,5.37
21-11-2016,1000,5.05
21-11-2016,1020,4.7
21-11-2016,1040,4.35
21-11-2016,1100,3.99
21-11-2016,1120,3.63
21-11-2016,1140,3.27
21-11-2016,1200,2.93
21-11-2016,1220,2.59
21-11-2016,1240,2.28
21-11-2016,1300,2
21-11-2016,1320,1.76
21-11-2016,1340,1.57
21-11-2016,1400,1.45
21-11-2016,1420,1.41
21-11-2016,1440,1.46
21-11-2016,1500,1.6
21-11-2016,1520,1.83
21-11-2016,1540,2.13
21-11-2016,1600,2.48
21-11-2016,1620,2.88
21-11-2016,1640,3.28
21-11-2016,1700,3.68
21-11-2016,1720,4.06
21-11-2016,1740,4.41
21-11-2016,1800,4.71
21-11-2016,1820,4.97
21-11-2016,1840,5.17
21-11-2016,1900,5.33
21-11-2016,1920,5.44
21-11-2016,1940,5.5
21-11-2016,2000,5.51
21-11-2016,2020,5.48
21-11-2016,2040,5.39
21-11-2016,2100,5.26
21-11-2016,2120,5.08
21-11-2016,2140,4.86
21-11-2016,2200,4.6
21-11-2016,2220,4.33
21-11-2016,2240,4.04
21-11-2016,2300,3.75
21-11-2016,2320,3.46
21-11-2016,2340,3.18
22-11-2016,0000,2.91
22-11-2016,0020,2.66
22-11-2016,0040,2.44
22-11-2016,0100,2.23
22-11-2016,0120,2.05
22-11-2016,0140,1.91
22-11-2016,0200,1.8
22-11-2016,0220,1.75
22-11-2016,0240,1.76
22-11-2016,0300,1.84
22-11-2016,0320,1.99
22-11-2016,0340,2.21
22-11-2016,0400,2.49
22-11-2016,0420,2.83
22-11-2016,0440,3.2
22-11-2016,0500,3.6
22-11-2016,0520,4
22-11-2016,0540,4.38
22-11-2016,0600,4.74
22-11-2016,0620,5.07
22-11-2016,0640,5.35
22-11-2016,0700,5.6
22-11-2016,0720,5.79
22-11-2016,0740,5.95
22-11-2016,0800,6.06
22-11-2016,0820,6.12
22-11-2016,0840,6.14
22-11-2016,0900,6.11
22-11-2016,0920,6.03
22-11-2016,0940,5.91
22-11-2016,1000,5.73
22-11-2016,1020,5.51
22-11-2016,1040,5.25
22-11-2016,1100,4.96
22-11-2016,1120,4.64
22-11-2016,1140,4.3
22-11-2016,1200,3.95
22-11-2016,1220,3.6
22-11-2016,1240,3.25
22-11-2016,1300,2.91
22-11-2016,1320,2.59
22-11-2016,1340,2.29
22-11-2016,1400,2.02
22-11-2016,1420,1.79
22-11-2016,1440,1.6
22-11-2016,1500,1.48
22-11-2016,1520,1.43
22-11-2016,1540,1.45
22-11-2016,1600,1.55
22-11-2016,1620,1.73
22-11-2016,1640,1.98
22-11-2016,1700,2.29
22-11-2016,1720,2.64
22-11-2016,1740,3.01
22-11-2016,1800,3.4
22-11-2016,1820,3.78
22-11-2016,1840,4.13
22-11-2016,1900,4.44
22-11-2016,1920,4.72
22-11-2016,1940,4.95
22-11-2016,2000,5.14
22-11-2016,2020,5.28
22-11-2016,2040,5.38
22-11-2016,2100,5.43
22-11-2016,2120,5.44
22-11-2016,2140,5.41
22-11-2016,2200,5.33
22-11-2016,2220,5.22
22-11-2016,2240,5.06
22-11-2016,2300,4.87
22-11-2016,2320,4.65
22-11-2016,2340,4.4
23-11-2016,0000,4.14
23-11-2016,0020,3.87
23-11-2016,0040,3.6
23-11-2016,0100,3.33
23-11-2016,0120,3.08
23-11-2016,0140,2.84
23-11-2016,0200,2.62
23-11-2016,0220,2.43
23-11-2016,0240,2.26
23-11-2016,0300,2.13
23-11-2016,0320,2.04
23-11-2016,0340,1.99
23-11-2016,0400,2.01
23-11-2016,0420,2.09
23-11-2016,0440,2.24
23-11-2016,0500,2.45
23-11-2016,0520,2.72
23-11-2016,0540,3.04
23-11-2016,0600,3.39
23-11-2016,0620,3.76
23-11-2016,0640,4.13
23-11-2016,0700,4.48
23-11-2016,0720,4.81
23-11-2016,0740,5.1
23-11-2016,0800,5.34
23-11-2016,0820,5.55
23-11-2016,0840,5.71
23-11-2016,0900,5.83
23-11-2016,0920,5.91
23-11-2016,0940,5.95
23-11-2016,1000,5.94
23-11-2016,1020,5.9
23-11-2016,1040,5.8
23-11-2016,1100,5.66
23-11-2016,1120,5.47
23-11-2016,1140,5.23
23-11-2016,1200,4.95
23-11-2016,1220,4.64
23-11-2016,1240,4.3
23-11-2016,1300,3.95
23-11-2016,1320,3.6
23-11-2016,1340,3.25
23-11-2016,1400,2.91
23-11-2016,1420,2.58
23-11-2016,1440,2.27
23-11-2016,1500,2
23-11-2016,1520,1.75
23-11-2016,1540,1.55
23-11-2016,1600,1.4
23-11-2016,1620,1.32
23-11-2016,1640,1.3
23-11-2016,1700,1.37
23-11-2016,1720,1.51
23-11-2016,1740,1.73
23-11-2016,1800,2.02
23-11-2016,1820,2.36
23-11-2016,1840,2.74
23-11-2016,1900,3.14
23-11-2016,1920,3.54
23-11-2016,1940,3.93
23-11-2016,2000,4.28
23-11-2016,2020,4.59
23-11-2016,2040,4.86
23-11-2016,2100,5.09
23-11-2016,2120,5.27
23-11-2016,2140,5.42
23-11-2016,2200,5.53
23-11-2016,2220,5.59
23-11-2016,2240,5.62
23-11-2016,2300,5.6
23-11-2016,2320,5.54
23-11-2016,2340,5.42
24-11-2016,0000,5.27
24-11-2016,0020,5.06
24-11-2016,0040,4.82
24-11-2016,0100,4.56
24-11-2016,0120,4.27
24-11-2016,0140,3.98
24-11-2016,0200,3.69
24-11-2016,0220,3.41
24-11-2016,0240,3.15
24-11-2016,0300,2.89
24-11-2016,0320,2.66
24-11-2016,0340,2.45
24-11-2016,0400,2.27
24-11-2016,0420,2.13
24-11-2016,0440,2.03
24-11-2016,0500,1.99
24-11-2016,0520,2.01
24-11-2016,0540,2.11
24-11-2016,0600,2.28
24-11-2016,0620,2.52
24-11-2016,0640,2.82
24-11-2016,0700,3.17
24-11-2016,0720,3.54
24-11-2016,0740,3.91
24-11-2016,0800,4.28
24-11-2016,0820,4.61
24-11-2016,0840,4.91
24-11-2016,0900,5.17
24-11-2016,0920,5.39
24-11-2016,0940,5.56
24-11-2016,1000,5.7
24-11-2016,1020,5.8
24-11-2016,1040,5.86
24-11-2016,1100,5.88
24-11-2016,1120,5.86
24-11-2016,1140,5.79
24-11-2016,1200,5.66
24-11-2016,1220,5.48
24-11-2016,1240,5.24
24-11-2016,1300,4.95
24-11-2016,1320,4.63
24-11-2016,1340,4.28
24-11-2016,1400,3.91
24-11-2016,1420,3.54
24-11-2016,1440,3.17
24-11-2016,1500,2.82
24-11-2016,1520,2.48
24-11-2016,1540,2.16
24-11-2016,1600,1.87
24-11-2016,1620,1.61
24-11-2016,1640,1.39
24-11-2016,1700,1.21
24-11-2016,1720,1.1
24-11-2016,1740,1.07
24-11-2016,1800,1.12
24-11-2016,1820,1.26
24-11-2016,1840,1.49
24-11-2016,1900,1.8
24-11-2016,1920,2.18
24-11-2016,1940,2.6
24-11-2016,2000,3.04
24-11-2016,2020,3.49
24-11-2016,2040,3.91
24-11-2016,2100,4.3
24-11-2016,2120,4.66
24-11-2016,2140,4.97
24-11-2016,2200,5.23
24-11-2016,2220,5.46
24-11-2016,2240,5.65
24-11-2016,2300,5.8
24-11-2016,2320,5.91
24-11-2016,2340,5.97
25-11-2016,0000,5.98
25-11-2016,0020,5.93
25-11-2016,0040,5.82
25-11-2016,0100,5.65
25-11-2016,0120,5.43
25-11-2016,0140,5.16
25-11-2016,0200,4.85
25-11-2016,0220,4.53
25-11-2016,0240,4.21
25-11-2016,0300,3.88
25-11-2016,0320,3.56
25-11-2016,0340,3.26
25-11-2016,0400,2.97
25-11-2016,0420,2.7
25-11-2016,0440,2.45
25-11-2016,0500,2.23
25-11-2016,0520,2.04
25-11-2016,0540,1.9
25-11-2016,0600,1.83
25-11-2016,0620,1.83
25-11-2016,0640,1.92
25-11-2016,0700,2.1
25-11-2016,0720,2.35
25-11-2016,0740,2.68
25-11-2016,0800,3.5
25-11-2016,0820,3.44
25-11-2016,0840,3.84
25-11-2016,0900,4.22
25-11-2016,0920,4.56
25-11-2016,0940,4.87
25-11-2016,1000,5.13
25-11-2016,1020,5.36
25-11-2016,1040,5.54
25-11-2016,1100,5.69
25-11-2016,1120,5.8
25-11-2016,1140,5.87
25-11-2016,1200,5.9
25-11-2016,1220,5.88
25-11-2016,1240,5.8
25-11-2016,1300,5.66
25-11-2016,1320,5.45
25-11-2016,1340,5.18
25-11-2016,1400,4.86
25-11-2016,1420,4.5
25-11-2016,1440,4.12
25-11-2016,1500,3.73
25-11-2016,1520,3.34
25-11-2016,1540,2.97
25-11-2016,1600,2.6
25-11-2016,1620,2.26
25-11-2016,1640,1.93
25-11-2016,1700,1.63
25-11-2016,1720,1.35
25-11-2016,1740,1.12
25-11-2016,1800,0.95
25-11-2016,1820,0.85
25-11-2016,1840,0.84
25-11-2016,1900,0.93
25-11-2016,1920,1.12
25-11-2016,1940,1.41
25-11-2016,2000,1.79
25-11-2016,2020,2.23
25-11-2016,2040,2.71
25-11-2016,2100,3.2
25-11-2016,2120,3.69
25-11-2016,2140,4.15
25-11-2016,2200,4.57
25-11-2016,2220,4.94
25-11-2016,2240,5.27
25-11-2016,2300,5.56
25-11-2016,2320,5.8
25-11-2016,2340,6.01
26-11-2016,0000,6.17
26-11-2016,0020,6.28
26-11-2016,0040,6.34
26-11-2016,0100,6.33
26-11-2016,0120,6.24
26-11-2016,0140,6.09
26-11-2016,0200,5.87
26-11-2016,0220,5.59
26-11-2016,0240,5.27
26-11-2016,0300,4.92
26-11-2016,0320,4.55
26-11-2016,0340,4.19
26-11-2016,0400,3.84
26-11-2016,0420,3.5
26-11-2016,0440,3.17
26-11-2016,0500,2.85
26-11-2016,0520,2.55
26-11-2016,0540,2.28
26-11-2016,0600,2.03
26-11-2016,0620,1.83
26-11-2016,0640,1.7
26-11-2016,0700,1.64
26-11-2016,0720,1.68
26-11-2016,0740,1.82
26-11-2016,0800,2.04
26-11-2016,0820,2.35
26-11-2016,0840,2.72
26-11-2016,0900,3.13
26-11-2016,0920,3.55
26-11-2016,0940,3.96
26-11-2016,1000,4.34
26-11-2016,1020,4.68
26-11-2016,1040,4.98
26-11-2016,1100,5.23
26-11-2016,1120,5.45
26-11-2016,1140,5.62
26-11-2016,1200,5.76
26-11-2016,1220,5.86
26-11-2016,1240,5.92
26-11-2016,1300,5.92
26-11-2016,1320,5.87
26-11-2016,1340,5.74
26-11-2016,1400,5.54
26-11-2016,1420,5.28
26-11-2016,1440,4.95
26-11-2016,1500,4.59
26-11-2016,1520,4.2
26-11-2016,1540,3.79
26-11-2016,1600,3.39
26-11-2016,1620,3
26-11-2016,1640,2.62
26-11-2016,1700,2.26
26-11-2016,1720,1.91
26-11-2016,1740,1.59
26-11-2016,1800,1.29
26-11-2016,1820,1.04
26-11-2016,1840,0.84
26-11-2016,1900,0.71
26-11-2016,1920,0.68
26-11-2016,1940,0.75
26-11-2016,2000,0.93
26-11-2016,2020,1.22
26-11-2016,2040,1.61
26-11-2016,2100,2.07
26-11-2016,2120,2.58
26-11-2016,2140,3.11
26-11-2016,2200,3.64
26-11-2016,2220,4.14
26-11-2016,2240,4.61
26-11-2016,2300,5.02
26-11-2016,2320,5.39
26-11-2016,2340,5.71
27-11-2016,0000,5.98
27-11-2016,0020,6.21
27-11-2016,0040,6.39
27-11-2016,0100,6.52
27-11-2016,0120,6.59
27-11-2016,0140,6.58
27-11-2016,0200,6.5
27-11-2016,0220,6.34
27-11-2016,0240,6.11
27-11-2016,0300,5.81
27-11-2016,0320,5.47
27-11-2016,0340,5.1
27-11-2016,0400,4.72
27-11-2016,0420,4.33
27-11-2016,0440,3.96
27-11-2016,0500,3.59
27-11-2016,0520,3.24
27-11-2016,0540,2.9
27-11-2016,0600,2.57
27-11-2016,0620,2.27
27-11-2016,0640,2
27-11-2016,0700,1.78
27-11-2016,0720,1.62
27-11-2016,0740,1.54
27-11-2016,0800,1.56
27-11-2016,0820,1.69
27-11-2016,0840,1.91
27-11-2016,0900,2.22
27-11-2016,0920,2.59
27-11-2016,0940,3.01
27-11-2016,1000,3.45
27-11-2016,1020,3.87
27-11-2016,1040,4.27
27-11-2016,1100,4.63
27-11-2016,1120,4.94
27-11-2016,1140,5.2
27-11-2016,1200,5.43
27-11-2016,1220,5.61
27-11-2016,1240,5.76
27-11-2016,1300,5.86
27-11-2016,1320,5.92
27-11-2016,1340,5.92
27-11-2016,1400,5.85
27-11-2016,1420,5.72
27-11-2016,1440,5.51
27-11-2016,1500,5.23
27-11-2016,1520,4.9
27-11-2016,1540,4.53
27-11-2016,1600,4.13
27-11-2016,1620,3.72
27-11-2016,1640,3.31
27-11-2016,1700,2.92
27-11-2016,1720,2.53
27-11-2016,1740,2.17
27-11-2016,1800,1.82
27-11-2016,1820,1.5
27-11-2016,1840,1.2
27-11-2016,1900,0.95
27-11-2016,1920,0.75
27-11-2016,1940,0.64
27-11-2016,2000,0.62
27-11-2016,2020,0.71
27-11-2016,2040,0.91
27-11-2016,2100,1.23
27-11-2016,2120,1.64
27-11-2016,2140,2.13
27-11-2016,2200,2.66
27-11-2016,2220,3.22
27-11-2016,2240,3.77
27-11-2016,2300,4.29
27-11-2016,2320,4.76
27-11-2016,2340,5.19
28-11-2016,0000,5.56
28-11-2016,0020,5.89
28-11-2016,0040,6.16
28-11-2016,0100,6.39
28-11-2016,0120,6.56
28-11-2016,0140,6.67
28-11-2016,0200,6.72
28-11-2016,0220,6.69
28-11-2016,0240,6.59
28-11-2016,0300,6.41
28-11-2016,0320,6.15
28-11-2016,0340,5.84
28-11-2016,0400,5.49
28-11-2016,0420,5.1
28-11-2016,0440,4.71
28-11-2016,0500,4.32
28-11-2016,0520,3.93
28-11-2016,0540,3.56
28-11-2016,0600,3.2
28-11-2016,0620,2.85
28-11-2016,0640,2.52
28-11-2016,0700,2.22
28-11-2016,0720,1.95
28-11-2016,0740,1.73
28-11-2016,0800,1.57
28-11-2016,0820,1.51
28-11-2016,0840,1.55
28-11-2016,0900,1.69
28-11-2016,0920,1.92
28-11-2016,0940,2.25
28-11-2016,1000,2.64
28-11-2016,1020,3.06
28-11-2016,1040,3.5
28-11-2016,1100,3.93
28-11-2016,1120,4.33
28-11-2016,1140,4.68
28-11-2016,1200,4.99
28-11-2016,1220,5.26
28-11-2016,1240,5.47
28-11-2016,1300,5.65
28-11-2016,1320,5.78
28-11-2016,1340,5.87
28-11-2016,1400,5.9
28-11-2016,1420,5.87
28-11-2016,1440,5.78
28-11-2016,1500,5.61
28-11-2016,1520,5.38
28-11-2016,1540,5.08
28-11-2016,1600,4.74
28-11-2016,1620,4.35
28-11-2016,1640,3.95
28-11-2016,1700,3.54
28-11-2016,1720,3.13
28-11-2016,1740,2.74
28-11-2016,1800,2.36
28-11-2016,1820,2
28-11-2016,1840,1.67
28-11-2016,1900,1.35
28-11-2016,1920,1.08
28-11-2016,1940,0.85
28-11-2016,2000,0.69
28-11-2016,2020,0.61
28-11-2016,2040,0.64
28-11-2016,2100,0.78
28-11-2016,2120,1.03
28-11-2016,2140,1.39
28-11-2016,2200,1.84
28-11-2016,2220,2.35
28-11-2016,2240,2.91
28-11-2016,2300,3.47
28-11-2016,2320,4.02
28-11-2016,2340,4.53
29-11-2016,0000,5
29-11-2016,0020,5.42
29-11-2016,0040,5.77
29-11-2016,0100,6.08
29-11-2016,0120,6.33
29-11-2016,0140,6.53
29-11-2016,0200,6.67
29-11-2016,0220,6.75
29-11-2016,0240,6.76
29-11-2016,0300,6.69
29-11-2016,0320,6.55
29-11-2016,0340,6.33
29-11-2016,0400,6.06
29-11-2016,0420,5.73
29-11-2016,0440,5.36
29-11-2016,0500,4.98
29-11-2016,0520,4.59
29-11-2016,0540,4.2
29-11-2016,0600,3.82
29-11-2016,0620,3.45
29-11-2016,0640,3.09
29-11-2016,0700,2.75
29-11-2016,0720,2.42
29-11-2016,0740,2.12
29-11-2016,0800,1.87
29-11-2016,0820,1.67
29-11-2016,0840,1.55
29-11-2016,0900,1.52
29-11-2016,0920,1.59
29-11-2016,0940,1.77
29-11-2016,1000,2.04
29-11-2016,1020,2.39
29-11-2016,1040,2.8
29-11-2016,1100,3.23
29-11-2016,1120,3.67
29-11-2016,1140,4.09
29-11-2016,1200,4.48
29-11-2016,1220,4.82
29-11-2016,1240,5.11
29-11-2016,1300,5.36
29-11-2016,1320,5.56
29-11-2016,1340,5.71
29-11-2016,1400,5.82
29-11-2016,1420,5.88
29-11-2016,1440,5.87
29-11-2016,1500,5.81
29-11-2016,1520,5.67
29-11-2016,1540,5.47
29-11-2016,1600,5.2
29-11-2016,1620,4.87
29-11-2016,1640,4.5
29-11-2016,1700,4.1
29-11-2016,1720,3.69
29-11-2016,1740,3.28
29-11-2016,1800,2.89
29-11-2016,1820,2.51
29-11-2016,1840,2.14
29-11-2016,1900,1.8
29-11-2016,1920,1.48
29-11-2016,1940,1.19
29-11-2016,2000,0.94
29-11-2016,2020,0.75
29-11-2016,2040,0.64
29-11-2016,2100,0.62
29-11-2016,2120,0.71
29-11-2016,2140,0.91
29-11-2016,2200,1.22
29-11-2016,2220,1.64
29-11-2016,2240,2.13
29-11-2016,2300,2.67
29-11-2016,2320,3.24
29-11-2016,2340,3.81
30-11-2016,0000,4.34
30-11-2016,0020,4.83
30-11-2016,0040,5.27
30-11-2016,0100,5.66
30-11-2016,0120,5.98
30-11-2016,0140,6.25
30-11-2016,0200,6.47
30-11-2016,0220,6.63
30-11-2016,0240,6.73
30-11-2016,0300,6.77
30-11-2016,0320,6.73
30-11-2016,0340,6.62
30-11-2016,0400,6.44
30-11-2016,0420,6.19
30-11-2016,0440,5.88
30-11-2016,0500,5.53
30-11-2016,0520,5.13
30-11-2016,0540,4.78
30-11-2016,0600,4.4
30-11-2016,0620,4.02
30-11-2016,0640,3.65
30-11-2016,0700,3.29
30-11-2016,0720,2.95
30-11-2016,0740,2.61
30-11-2016,0800,2.29
30-11-2016,0820,2.01
30-11-2016,0840,1.77
30-11-2016,0900,1.61
30-11-2016,0920,1.52
30-11-2016,0940,1.54
30-11-2016,1000,1.66
30-11-2016,1020,1.89
30-11-2016,1040,2.2
30-11-2016,1100,2.59
30-11-2016,1120,3.02
30-11-2016,1140,3.46
30-11-2016,1200,3.89
30-11-2016,1220,4.3
30-11-2016,1240,4.67
30-11-2016,1300,4.99
30-11-2016,1320,5.25
30-11-2016,1340,5.48
30-11-2016,1400,5.65
30-11-2016,1420,5.78
30-11-2016,1440,5.86
30-11-2016,1500,5.88
30-11-2016,1520,5.84
30-11-2016,1540,5.74
30-11-2016,1600,5.56
30-11-2016,1620,5.31
30-11-2016,1640,5
30-11-2016,1700,4.64
30-11-2016,1720,4.24
30-11-2016,1740,3.83
30-11-2016,1800,3.42
30-11-2016,1820,3.02
30-11-2016,1840,2.63
30-11-2016,1900,2.26
30-11-2016,1920,1.91
30-11-2016,1940,1.59
30-11-2016,2000,1.29
30-11-2016,2020,1.03
30-11-2016,2040,0.81
30-11-2016,2100,0.67
30-11-2016,2120,0.6
30-11-2016,2140,0.64
30-11-2016,2200,0.8
30-11-2016,2220,1.07
30-11-2016,2240,1.44
30-11-2016,2300,1.91
30-11-2016,2320,2.45
30-11-2016,2340,3.02
12-01-2016,0000,3.6
12-01-2016,0020,4.15
12-01-2016,0040,4.67
12-01-2016,0100,5.13
12-01-2016,0120,5.53
12-01-2016,0140,5.87
12-01-2016,0200,6.16
12-01-2016,0220,6.39
12-01-2016,0240,6.57
12-01-2016,0300,6.69
12-01-2016,0320,6.76
12-01-2016,0340,6.75
12-01-2016,0400,6.67
12-01-2016,0420,6.52
12-01-2016,0440,6.3
12-01-2016,0500,6.02
12-01-2016,0520,5.69
12-01-2016,0540,5.33
12-01-2016,0600,4.95
12-01-2016,0620,4.57
12-01-2016,0640,4.2
12-01-2016,0700,3.83
12-01-2016,0720,3.48
12-01-2016,0740,3.13
12-01-2016,0800,2.8
12-01-2016,0820,2.48
12-01-2016,0840,2.17
12-01-2016,0900,1.9
12-01-2016,0920,1.69
12-01-2016,0940,1.55
12-01-2016,1000,1.5
12-01-2016,1020,1.56
12-01-2016,1040,1.73
12-01-2016,1100,2
12-01-2016,1120,2.35
12-01-2016,1140,2.77
12-01-2016,1200,3.22
12-01-2016,1220,3.67
12-01-2016,1240,4.1
12-01-2016,1300,4.5
12-01-2016,1320,4.84
12-01-2016,1340,5.14
12-01-2016,1400,5.38
12-01-2016,1420,5.57
12-01-2016,1440,5.72
12-01-2016,1500,5.82
12-01-2016,1520,5.87
12-01-2016,1540,5.87
12-01-2016,1600,5.8
12-01-2016,1620,5.66
12-01-2016,1640,5.44
12-01-2016,1700,5.16
12-01-2016,1720,4.82
12-01-2016,1740,4.43
12-01-2016,1800,4.01
12-01-2016,1820,3.59
12-01-2016,1840,3.18
12-01-2016,1900,2.78
12-01-2016,1920,2.4
12-01-2016,1940,2.05
12-01-2016,2000,1.73
12-01-2016,2020,1.42
12-01-2016,2040,1.15
12-01-2016,2100,0.91
12-01-2016,2120,0.73
12-01-2016,2140,0.62
12-01-2016,2200,0.6
12-01-2016,2220,0.69
12-01-2016,2240,0.9
12-01-2016,2300,1.22
12-01-2016,2320,1.65
12-01-2016,2340,2.17
12-02-2016,0000,2.73
12-02-2016,0020,3.32
12-02-2016,0040,3.91
12-02-2016,0100,4.45
12-02-2016,0120,4.95
12-02-2016,0140,5.38
12-02-2016,0200,5.74
12-02-2016,0220,6.04
12-02-2016,0240,6.29
12-02-2016,0300,6.48
12-02-2016,0320,6.62
12-02-2016,0340,6.71
12-02-2016,0400,6.74
12-02-2016,0420,6.7
12-02-2016,0440,6.6
12-02-2016,0500,6.42
12-02-2016,0520,6.17
12-02-2016,0540,5.87
12-02-2016,0600,5.52
12-02-2016,0620,5.15
12-02-2016,0640,4.76
12-02-2016,0700,4.39
12-02-2016,0720,4.02
12-02-2016,0740,3.67
12-02-2016,0800,3.33
12-02-2016,0820,3
12-02-2016,0840,2.68
12-02-2016,0900,2.37
12-02-2016,0920,2.08
12-02-2016,0940,1.83
12-02-2016,1000,1.63
12-02-2016,1020,1.51
12-02-2016,1040,1.49
12-02-2016,1100,1.58
12-02-2016,1120,1.78
12-02-2016,1140,2.08
12-02-2016,1200,2.46
12-02-2016,1220,2.9
12-02-2016,1240,3.37
12-02-2016,1300,3.83
12-02-2016,1320,4.26
12-02-2016,1340,4.64
12-02-2016,1400,4.97
12-02-2016,1420,5.24
12-02-2016,1440,5.45
12-02-2016,1500,5.62
12-02-2016,1520,5.74
12-02-2016,1540,5.82
12-02-2016,1600,5.85
12-02-2016,1620,5.83
12-02-2016,1640,5.74
12-02-2016,1700,5.57
12-02-2016,1720,5.34
12-02-2016,1740,5.03
12-02-2016,1800,4.67
12-02-2016,1820,4.27
12-02-2016,1840,3.84
12-02-2016,1900,3.41
12-02-2016,1920,2.99
12-02-2016,1940,2.6
12-02-2016,2000,2.24
12-02-2016,2020,1.91
12-02-2016,2040,1.6
12-02-2016,2100,1.33
12-02-2016,2120,1.08
12-02-2016,2140,0.88
12-02-2016,2200,0.73
12-02-2016,2220,0.65
12-02-2016,2240,0.66
12-02-2016,2300,0.78
12-02-2016,2320,1.02
12-02-2016,2340,1.37
12-03-2016,0000,1.83
12-03-2016,0020,2.36
12-03-2016,0040,2.95
12-03-2016,0100,3.55
12-03-2016,0120,4.13
12-03-2016,0140,4.67
12-03-2016,0200,5.14
12-03-2016,0220,5.55
12-03-2016,0240,5.88
12-03-2016,0300,6.14
12-03-2016,0320,6.35
12-03-2016,0340,6.51
12-03-2016,0400,6.62
12-03-2016,0420,6.68
12-03-2016,0440,6.69
12-03-2016,0500,6.64
12-03-2016,0520,6.51
12-03-2016,0540,6.32
12-03-2016,0600,6.06
12-03-2016,0620,5.75
12-03-2016,0640,5.39
12-03-2016,0700,5.01
12-03-2016,0720,4.63
12-03-2016,0740,4.25
12-03-2016,0800,3.89
12-03-2016,0820,3.54
12-03-2016,0840,3.22
12-03-2016,0900,2.9
12-03-2016,0920,2.6
12-03-2016,0940,2.31
12-03-2016,1000,2.03
12-03-2016,1020,1.8
12-03-2016,1040,1.61